"seq","irql","irqlName","toplevel","syncPaging","want","offsetPage","length"
"280","0","PASSIVE","1","1","1","48","4096"
"281","0","PASSIVE","1","1","1","64","4096"
"282","0","PASSIVE","1","1","1","80","4096"
"283","0","PASSIVE","1","1","1","96","4096"
"284","0","PASSIVE","1","1","1","112","4096"
"285","0","PASSIVE","1","1","1","128","4096"
"286","0","PASSIVE","1","1","1","144","4096"
"287","0","PASSIVE","1","1","1","160","4096"
"288","0","PASSIVE","1","1","1","176","4096"
"289","0","PASSIVE","1","1","1","192","4096"
"290","0","PASSIVE","1","1","1","208","4096"
"291","0","PASSIVE","1","1","1","224","4096"
"292","0","PASSIVE","1","1","1","240","4096"
"293","0","PASSIVE","1","1","1","256","4096"
"294","0","PASSIVE","1","1","1","272","4096"
"295","0","PASSIVE","1","1","1","288","4096"
"296","0","PASSIVE","1","1","1","304","4096"
"297","0","PASSIVE","1","1","1","320","4096"
"298","0","PASSIVE","1","1","1","336","4096"
"299","0","PASSIVE","1","1","1","352","4096"
"300","0","PASSIVE","1","1","1","368","4096"
"301","0","PASSIVE","1","1","1","384","4096"
"302","0","PASSIVE","1","1","1","400","4096"
"303","0","PASSIVE","1","1","1","416","4096"
"304","0","PASSIVE","1","1","1","432","4096"
"305","0","PASSIVE","1","1","1","448","4096"
"306","0","PASSIVE","1","1","1","464","4096"
"307","0","PASSIVE","1","1","1","480","4096"
"308","0","PASSIVE","1","1","1","496","4096"
"309","0","PASSIVE","1","1","1","512","4096"
"310","0","PASSIVE","1","1","1","528","4096"
"311","0","PASSIVE","1","1","1","544","4096"
"312","0","PASSIVE","1","1","1","560","4096"
"313","0","PASSIVE","1","1","1","576","4096"
"314","0","PASSIVE","1","1","1","592","4096"
"315","0","PASSIVE","1","1","1","608","4096"
"316","0","PASSIVE","1","1","1","624","4096"
"317","0","PASSIVE","1","1","1","640","4096"
"318","0","PASSIVE","1","1","1","656","4096"
"319","0","PASSIVE","1","1","1","672","4096"
"320","0","PASSIVE","1","1","1","688","4096"
"321","0","PASSIVE","1","1","1","704","4096"
"322","0","PASSIVE","1","1","1","720","4096"
"323","0","PASSIVE","1","1","1","736","4096"
"324","0","PASSIVE","1","1","1","752","4096"
"325","0","PASSIVE","1","1","1","768","4096"
"326","0","PASSIVE","1","1","1","784","4096"
"327","0","PASSIVE","1","1","1","800","4096"
"328","0","PASSIVE","1","1","1","816","4096"
"329","0","PASSIVE","1","1","1","832","4096"
"330","0","PASSIVE","1","1","1","848","4096"
"331","0","PASSIVE","1","1","1","864","4096"
"332","0","PASSIVE","1","1","1","880","4096"
"333","0","PASSIVE","1","1","1","896","4096"
"334","0","PASSIVE","1","1","1","912","4096"
"335","0","PASSIVE","1","1","1","928","4096"
"336","0","PASSIVE","1","1","1","944","4096"
"337","0","PASSIVE","1","1","1","960","4096"
"338","0","PASSIVE","1","1","1","976","4096"
"339","0","PASSIVE","1","1","1","992","4096"
"340","0","PASSIVE","1","1","1","1008","4096"
"341","0","PASSIVE","1","0","1","1","61440"
"342","0","PASSIVE","1","0","1","17","61440"
"343","0","PASSIVE","1","0","1","33","61440"
"344","0","PASSIVE","1","0","1","49","61440"
"345","0","PASSIVE","1","0","1","65","61440"
"346","0","PASSIVE","1","0","1","81","61440"
"347","0","PASSIVE","1","0","1","97","61440"
"348","0","PASSIVE","1","0","1","113","61440"
"349","0","PASSIVE","1","0","1","129","61440"
"350","0","PASSIVE","1","0","1","145","61440"
"351","0","PASSIVE","1","0","1","161","61440"
"352","0","PASSIVE","1","0","1","177","61440"
"353","0","PASSIVE","1","0","1","193","61440"
"354","0","PASSIVE","1","0","1","209","61440"
"355","0","PASSIVE","1","0","1","225","61440"
"356","0","PASSIVE","1","0","1","241","61440"
"357","0","PASSIVE","1","0","1","257","61440"
"358","0","PASSIVE","1","0","1","273","61440"
"359","0","PASSIVE","1","0","1","289","61440"
"360","0","PASSIVE","1","0","1","305","61440"
"361","0","PASSIVE","1","0","1","321","61440"
"362","0","PASSIVE","1","0","1","337","61440"
"363","0","PASSIVE","1","0","1","353","61440"
"364","0","PASSIVE","1","0","1","369","61440"
"365","0","PASSIVE","1","0","1","385","61440"
"366","0","PASSIVE","1","0","1","401","61440"
"367","0","PASSIVE","1","0","1","417","61440"
"368","0","PASSIVE","1","0","1","433","61440"
"369","0","PASSIVE","1","0","1","449","61440"
"370","0","PASSIVE","1","0","1","465","61440"
"371","0","PASSIVE","1","0","1","481","61440"
"372","0","PASSIVE","1","0","1","497","61440"
"373","0","PASSIVE","1","0","1","513","61440"
"374","0","PASSIVE","1","0","1","529","61440"
"375","0","PASSIVE","1","0","1","545","61440"
"376","0","PASSIVE","1","0","1","561","61440"
"377","0","PASSIVE","1","0","1","577","61440"
"378","0","PASSIVE","1","0","1","593","61440"
"379","0","PASSIVE","1","0","1","609","61440"
"380","0","PASSIVE","1","0","1","625","61440"
"381","0","PASSIVE","1","0","1","641","61440"
"382","0","PASSIVE","1","0","1","657","61440"
"383","0","PASSIVE","1","0","1","673","61440"
"384","0","PASSIVE","1","0","1","689","61440"
"385","0","PASSIVE","1","0","1","705","61440"
"386","0","PASSIVE","1","0","1","721","61440"
"387","0","PASSIVE","1","0","1","737","61440"
"388","0","PASSIVE","1","0","1","753","61440"
"389","0","PASSIVE","1","0","1","769","61440"
"390","0","PASSIVE","1","0","1","785","61440"
"391","0","PASSIVE","1","0","1","801","61440"
"392","0","PASSIVE","1","0","1","817","61440"
"393","0","PASSIVE","1","0","1","833","61440"
"394","0","PASSIVE","1","0","1","849","61440"
"395","0","PASSIVE","1","0","1","865","61440"
"396","0","PASSIVE","1","0","1","881","61440"
"397","0","PASSIVE","1","0","1","897","61440"
"398","0","PASSIVE","1","0","1","913","61440"
"399","0","PASSIVE","1","0","1","929","61440"
"400","0","PASSIVE","1","0","1","945","61440"
"401","0","PASSIVE","1","0","1","961","61440"
"402","0","PASSIVE","1","0","1","977","61440"
"403","0","PASSIVE","1","0","1","993","61440"
"404","0","PASSIVE","1","0","1","21","16384"
"405","0","PASSIVE","1","0","1","0","4096"
"406","0","PASSIVE","1","1","1","0","4096"
"407","0","PASSIVE","1","1","1","0","8192"
"408","0","PASSIVE","1","1","1","0","4096"
"409","0","PASSIVE","1","1","1","0","4096"
"410","0","PASSIVE","1","1","1","16","4096"
"411","0","PASSIVE","1","1","1","32","4096"
"412","0","PASSIVE","1","1","1","48","4096"
"413","0","PASSIVE","1","1","1","64","4096"
"414","0","PASSIVE","1","1","1","80","4096"
"415","0","PASSIVE","1","1","1","96","4096"
"416","0","PASSIVE","1","1","1","112","4096"
"417","0","PASSIVE","1","1","1","128","4096"
"418","0","PASSIVE","1","1","1","144","4096"
"419","0","PASSIVE","1","1","1","160","4096"
"420","0","PASSIVE","1","1","1","176","4096"
"421","0","PASSIVE","1","1","1","192","4096"
"422","0","PASSIVE","1","1","1","208","4096"
"423","0","PASSIVE","1","1","1","224","4096"
"424","0","PASSIVE","1","1","1","240","4096"
"425","0","PASSIVE","1","1","1","256","4096"
"426","0","PASSIVE","1","1","1","272","4096"
"427","0","PASSIVE","1","1","1","288","4096"
"428","0","PASSIVE","1","1","1","304","4096"
"429","0","PASSIVE","1","1","1","320","4096"
"430","0","PASSIVE","1","1","1","336","4096"
"431","0","PASSIVE","1","1","1","352","4096"
"432","0","PASSIVE","1","1","1","368","4096"
"433","0","PASSIVE","1","1","1","384","4096"
"434","0","PASSIVE","1","1","1","400","4096"
"435","0","PASSIVE","1","1","1","416","4096"
"436","0","PASSIVE","1","1","1","432","4096"
"437","0","PASSIVE","1","1","1","448","4096"
"438","0","PASSIVE","1","1","1","464","4096"
"439","0","PASSIVE","1","1","1","480","4096"
"440","0","PASSIVE","1","1","1","496","4096"
"441","0","PASSIVE","1","1","1","512","4096"
"442","0","PASSIVE","1","1","1","528","4096"
"443","0","PASSIVE","1","1","1","544","4096"
"444","0","PASSIVE","1","1","1","560","4096"
"445","0","PASSIVE","1","1","1","576","4096"
"446","0","PASSIVE","1","1","1","592","4096"
"447","0","PASSIVE","1","1","1","608","4096"
"448","0","PASSIVE","1","1","1","624","4096"
"449","0","PASSIVE","1","1","1","640","4096"
"450","0","PASSIVE","1","1","1","656","4096"
"451","0","PASSIVE","1","1","1","672","4096"
"452","0","PASSIVE","1","1","1","688","4096"
"453","0","PASSIVE","1","1","1","704","4096"
"454","0","PASSIVE","1","1","1","720","4096"
"455","0","PASSIVE","1","1","1","736","4096"
"456","0","PASSIVE","1","1","1","752","4096"
"457","0","PASSIVE","1","1","1","768","4096"
"458","0","PASSIVE","1","1","1","784","4096"
"459","0","PASSIVE","1","1","1","800","4096"
"460","0","PASSIVE","1","1","1","816","4096"
"461","0","PASSIVE","1","1","1","832","4096"
"462","0","PASSIVE","1","1","1","848","4096"
"463","0","PASSIVE","1","1","1","864","4096"
"464","0","PASSIVE","1","1","1","880","4096"
"465","0","PASSIVE","1","1","1","896","4096"
"466","0","PASSIVE","1","1","1","912","4096"
"467","0","PASSIVE","1","1","1","928","4096"
"468","0","PASSIVE","1","1","1","944","4096"
"469","0","PASSIVE","1","1","1","960","4096"
"470","0","PASSIVE","1","1","1","976","4096"
"471","0","PASSIVE","1","1","1","992","4096"
"472","0","PASSIVE","1","1","1","1008","4096"
"473","0","PASSIVE","1","1","1","1","61440"
"474","0","PASSIVE","1","1","1","17","61440"
"475","0","PASSIVE","1","1","1","33","61440"
"476","0","PASSIVE","1","1","1","49","61440"
"477","0","PASSIVE","1","1","1","65","61440"
"478","0","PASSIVE","1","1","1","81","61440"
"479","0","PASSIVE","1","1","1","97","61440"
"480","0","PASSIVE","1","1","1","113","61440"
"481","0","PASSIVE","1","1","1","129","61440"
"482","0","PASSIVE","1","1","1","145","61440"
"483","0","PASSIVE","1","1","1","161","61440"
"484","0","PASSIVE","1","1","1","177","61440"
"485","0","PASSIVE","1","1","1","193","61440"
"486","0","PASSIVE","1","1","1","209","61440"
"487","0","PASSIVE","1","1","1","225","61440"
"488","0","PASSIVE","1","1","1","241","61440"
"489","0","PASSIVE","1","1","1","257","61440"
"490","0","PASSIVE","1","1","1","273","61440"
"491","0","PASSIVE","1","1","1","289","61440"
"492","0","PASSIVE","1","1","1","305","61440"
"493","0","PASSIVE","1","1","1","321","61440"
"494","0","PASSIVE","1","1","1","337","61440"
"495","0","PASSIVE","1","1","1","353","61440"
"496","0","PASSIVE","1","1","1","369","61440"
"497","0","PASSIVE","1","1","1","385","61440"
"498","0","PASSIVE","1","1","1","401","61440"
"499","0","PASSIVE","1","1","1","417","61440"
"500","0","PASSIVE","1","1","1","433","61440"
"501","0","PASSIVE","1","1","1","449","61440"
"502","0","PASSIVE","1","1","1","465","61440"
"503","0","PASSIVE","1","1","1","481","61440"
"504","0","PASSIVE","1","1","1","497","61440"
"505","0","PASSIVE","1","1","1","513","61440"
"506","0","PASSIVE","1","1","1","529","61440"
"507","0","PASSIVE","1","1","1","545","61440"
"508","0","PASSIVE","1","1","1","561","61440"
"509","0","PASSIVE","1","1","1","577","61440"
"510","0","PASSIVE","1","1","1","593","61440"
"511","0","PASSIVE","1","1","1","609","61440"
"512","0","PASSIVE","1","1","1","625","61440"
"513","0","PASSIVE","1","1","1","641","61440"
"514","0","PASSIVE","1","1","1","657","61440"
"515","0","PASSIVE","1","1","1","673","61440"
"516","0","PASSIVE","1","1","1","689","61440"
"517","0","PASSIVE","1","1","1","705","61440"
"518","0","PASSIVE","1","1","1","721","61440"
"519","0","PASSIVE","1","1","1","737","61440"
"520","0","PASSIVE","1","1","1","753","61440"
"521","0","PASSIVE","1","1","1","769","61440"
"522","0","PASSIVE","1","1","1","785","61440"
"523","0","PASSIVE","1","1","1","801","61440"
"524","0","PASSIVE","1","1","1","817","61440"
"525","0","PASSIVE","1","1","1","833","61440"
"526","0","PASSIVE","1","1","1","849","61440"
"527","0","PASSIVE","1","1","1","865","61440"
"528","0","PASSIVE","1","1","1","881","61440"
"529","0","PASSIVE","1","1","1","897","61440"
"530","0","PASSIVE","1","1","1","913","61440"
"531","0","PASSIVE","1","1","1","929","61440"
"532","0","PASSIVE","1","1","1","945","61440"
"533","0","PASSIVE","1","1","1","961","61440"
"534","0","PASSIVE","1","1","1","977","61440"
"535","0","PASSIVE","1","1","1","993","61440"
